Modèle,RMSE,MAE,Échantillons Évalués
User-Based,1.3119231975735413,0.9724667103174732,19972
Item-Based,1.2208452203557467,0.8763269069914159,19972
