Modèle,RMSE,MAE
User-Based,1.908976037817303,1.422239690321601
Item-Based,1.7723040256511167,1.265085700156559
