Modèle,RMSE,MAE,Échantillons,Ignorés
User-Based,1.4403996533833265,1.0567198296040956,19972,0
Item-Based,1.3325118417827448,0.9438956458405837,19972,0
